Time,Type,OrderId,Size,Price,Direction
34200.017459617,5,0,1,2238200,-1
34200.18960767,1,11885113,21,2238100,1
34200.18960767,1,3911376,20,2239600,-1
34200.18960767,1,11534792,100,2237500,1
34200.18960767,1,1365373,13,2240000,-1
34200.18960767,1,11474176,2,2236500,1
34200.18960767,1,1847685,100,2240000,-1
34200.18960767,1,3920359,15,2236000,1
34200.18960767,1,3578212,4,2240000,-1
34200.18960767,1,4632045,100,2235000,1
34200.18960767,1,3581197,10,2240000,-1
34200.18960767,1,3591155,50,2240000,-1
34200.18960767,1,3689544,100,2240000,-1
34200.18960767,1,3920363,6,2240000,-1
34200.18960767,1,3920364,23,2240000,-1
34200.18960767,1,3920367,6,2240000,-1
34200.18960767,1,3920371,54,2240000,-1
34200.18960767,1,3920373,54,2240000,-1
34200.18960767,1,3920374,15,2240000,-1
34200.18960767,1,4631442,76,2240000,-1
34200.18960767,1,4631569,20,2240000,-1
34200.18960767,1,4632895,15,2240000,-1
34200.18960767,1,4632989,10,2240000,-1
34200.18960767,1,10054324,25,2240000,-1
34200.18960767,1,11349573,100,2240000,-1
34200.18960767,1,11830089,50,2240000,-1
34200.18960767,1,12490851,500,2240000,-1
34200.18960767,1,11561639,20,2242400,-1
34200.190226476,4,11885113,21,2238100,1
34200.190226476,4,11534792,26,2237500,1
34200.372779672,5,0,100,2238400,-1
34200.375671205,5,0,100,2238400,-1
34200.376281126,1,16202496,286,2239600,-1
34200.383971366,5,0,100,2238600,-1
34200.38581571,5,0,100,2238600,-1
34200.387205153,5,0,100,2239200,-1
34200.388463172,5,0,100,2239300,-1
34200.39141294,4,14585251,100,2239500,-1
34200.39141294,4,3911376,20,2239600,-1
34200.39141294,4,16202496,286,2239600,-1
34200.393040066,1,16206910,286,2236200,1
34200.393480733,4,2135294,100,2239900,-1
34200.394405007,1,16207239,100,2239900,-1
34200.398456977,5,0,100,2239700,-1
34200.398595993,5,0,100,2239700,-1
34200.400328982,5,0,100,2239700,-1
34200.401529352,5,0,10,2239700,-1
34200.401529352,4,16207239,90,2239900,-1
34200.401923745,1,16208720,50,2239900,-1
34200.403006021,4,16207239,10,2239900,-1
34200.403006021,4,16208720,50,2239900,-1
34200.403006021,4,1365373,13,2240000,-1
34200.403006021,4,1847685,27,2240000,-1
34200.407876509,4,1847685,73,2240000,-1
34200.407876509,4,2051705,20,2240000,-1
34200.407876509,4,3578212,4,2240000,-1
34200.407876509,4,3581197,3,2240000,-1
34200.411052662,4,3581197,7,2240000,-1
34200.411052662,4,3591155,50,2240000,-1
34200.411052662,4,3689544,43,2240000,-1
34200.412063728,4,3689544,57,2240000,-1
34200.412063728,4,3920363,6,2240000,-1
34200.412063728,4,3920364,23,2240000,-1
34200.412063728,4,3920367,6,2240000,-1
34200.412063728,4,3920371,54,2240000,-1
34200.412063728,4,3920373,54,2240000,-1
34200.417197959,4,3920374,15,2240000,-1
34200.417197959,4,4631442,76,2240000,-1
34200.417197959,4,4631569,20,2240000,-1
34200.417197959,4,4632895,15,2240000,-1
34200.417197959,4,4632989,10,2240000,-1
34200.417197959,4,10054324,25,2240000,-1
34200.417197959,4,11349573,100,2240000,-1
34200.417197959,4,11830089,50,2240000,-1
34200.417197959,4,12490851,183,2240000,-1
34200.419808842,4,12490851,100,2240000,-1
34200.472985274,1,16223046,100,2235100,1
34200.510746959,3,16206910,286,2236200,1
34200.510832215,1,16229815,286,2236300,1
34200.516095821,3,16229815,286,2236300,1
34200.516303927,1,16230863,286,2236900,1
34200.53842474,4,12490851,200,2240000,-1
34200.542125413,3,16230863,286,2236900,1
34200.542384622,1,16235236,286,2236800,1
34200.552351548,3,16235236,286,2236800,1
34200.552475023,1,16237127,286,2236900,1
34200.553434036,3,16237127,286,2236900,1
34200.553557611,1,16237386,286,2237200,1
34200.553743035,5,0,100,2239700,1
34200.567772714,3,16237386,286,2237200,1
34200.567936862,4,12490851,17,2240000,-1
34200.567936862,4,13561719,100,2240000,-1
34200.567936862,4,14482478,100,2240000,-1
34200.567936862,5,0,69,2240000,-1
34200.568240371,1,16240373,100,2240000,-1
34200.569491822,1,16240639,269,2237200,1
34200.570408833,4,16240373,100,2240000,-1
34200.570408833,5,0,190,2240000,-1
34200.570408833,5,0,10,2240000,-1
34200.570714327,1,16240856,100,2240000,-1
34200.571376206,3,16240639,269,2237200,1
34200.574028141,4,16240856,100,2240000,-1
34200.574401291,1,16241642,100,2240000,-1
34200.631353841,1,16252480,100,2239500,-1
34200.703011708,1,16265840,100,2237000,1
34200.771525998,4,16252480,100,2239500,-1
34200.771912718,1,16275687,75,2239500,-1
34200.873785004,1,16289323,100,2238400,1
34200.874913031,4,16289323,100,2238400,1
34200.881781052,3,16265840,100,2237000,1
34200.881781052,1,16290483,100,2238400,1
34200.891497671,4,16275687,15,2239500,-1
34201.290951337,1,16352638,100,2238600,-1
34201.291410923,4,16352638,100,2238600,-1
34201.371436281,4,16275687,60,2239500,-1
34201.395343299,4,16241642,100,2240000,-1
34201.395343299,5,0,90,2240000,-1
34201.470049226,1,16374010,100,2242500,-1
34201.513356112,3,16374010,100,2242500,-1
34201.539803317,1,16380647,100,2242500,-1
34201.55392747,3,16380647,100,2242500,-1
34201.560486641,1,16382642,100,2242500,-1
34201.565364536,3,16382642,100,2242500,-1
34201.572751895,1,16383538,100,2242500,-1
34201.577004003,3,16383538,100,2242500,-1
34201.579598932,1,16383965,100,2242500,-1
34201.584010464,3,16383965,100,2242500,-1
34201.591773777,1,16384800,100,2242500,-1
34201.596293991,3,16384800,100,2242500,-1
34201.59911783,1,16385211,100,2242500,-1
34201.601328494,3,16385211,100,2242500,-1
34201.605874081,1,16385721,100,2237900,1
34202.012069923,5,0,100,2238800,1
34202.012780077,5,0,100,2238800,1
34202.028280054,5,0,100,2238800,1
34202.181467905,1,16426679,100,2242600,-1
34202.279048607,3,16290483,100,2238400,1
34202.279048607,1,16451737,100,2238900,1
34202.313349711,3,16426679,100,2242600,-1
34202.346861302,3,15696244,447,2244000,-1
34202.467700606,1,16476771,100,2242600,-1
34202.571829425,3,16476771,100,2242600,-1
34202.637562259,1,16493721,100,2242600,-1
34202.675623715,3,16493721,100,2242600,-1
34202.70978081,1,16500312,100,2242600,-1
34202.720596233,3,16500312,100,2242600,-1
34202.726136989,1,16501579,100,2242600,-1
34202.729257714,3,16501579,100,2242600,-1
34202.73119099,1,16501999,100,2242600,-1
34202.733438166,3,16501999,100,2242600,-1
34202.735620679,1,16502409,100,2242600,-1
34202.737578658,3,16502409,100,2242600,-1
34202.739873961,1,16502823,100,2242600,-1
34202.74153738,3,16502823,100,2242600,-1
34202.744188364,1,16503383,100,2242600,-1
34202.74588092,3,16503383,100,2242600,-1
34202.748345013,1,16503904,100,2242600,-1
34202.749789842,3,16503904,100,2242600,-1
34202.751637763,1,16504334,100,2242600,-1
34202.753063262,3,16504334,100,2242600,-1
34202.756975089,1,16504897,100,2242600,-1
34202.759954595,3,16504897,100,2242600,-1
34202.761491988,1,16505341,100,2242600,-1
34202.76302835,3,16505341,100,2242600,-1
34202.770674851,1,16506143,100,2242600,-1
34202.771805845,3,16506143,100,2242600,-1
34202.773536788,1,16506421,100,2242600,-1
34202.774936634,3,16506421,100,2242600,-1
34202.776755784,1,16506801,100,2242600,-1
34202.778927801,3,16506801,100,2242600,-1
34203.87899164,1,16610191,100,2242000,-1
34204.256047385,5,0,100,2239200,1
34204.354928214,3,16610191,100,2242000,-1
34204.354928214,1,16657800,100,2241600,-1
34204.414467151,5,0,80,2239100,1
34204.476700094,3,16657800,100,2241600,-1
34204.476700094,1,16667397,100,2241300,-1
34204.572760266,5,0,40,2239100,1
34204.652306988,1,16681306,1100,2241000,-1
34204.763922789,3,16667397,100,2241300,-1
34204.763922789,1,16692138,100,2241000,-1
34205.104260912,3,16692138,100,2241000,-1
34205.104260912,1,16723342,100,2240800,-1
34205.104818539,1,16723399,220,2240800,-1
34205.105828981,3,16723399,220,2240800,-1
34205.107097083,1,16723613,220,2240800,-1
34205.108103666,3,16723613,220,2240800,-1
34205.109400899,1,16723877,220,2240800,-1
34205.109754612,1,16723916,155,2240800,-1
34205.110466704,3,16723877,220,2240800,-1
34205.162100797,1,16728917,100,2240700,-1
34205.197780635,1,16732821,100,2238900,1
34205.304295214,5,0,35,2239000,1
34205.513948001,3,16723342,100,2240800,-1
34205.513948001,1,16763343,100,2240500,-1
34205.621655175,5,0,37,2239000,1
34205.621745869,5,0,128,2239000,1
34205.621745869,5,0,72,2239000,1
34205.888223563,3,16763343,100,2240500,-1
34205.888223563,1,16797917,100,2240300,-1
34205.919446318,1,16799433,100,2240200,-1
34206.151537755,3,16797917,100,2240300,-1
34206.151537755,1,16811014,100,2240200,-1
34206.526371812,3,16385721,100,2237900,1
34206.555393547,1,16830499,100,2238900,1
34207.013700283,3,16723916,155,2240800,-1
34207.02465637,5,0,10,2239300,1
34207.02465637,5,0,28,2239000,1
34207.02465637,5,0,26,2239000,1
34207.232535255,3,16732821,100,2238900,1
34207.232650402,5,0,74,2239000,1
34207.232650402,5,0,113,2239000,1
34207.232650402,4,16451737,13,2238900,1
34207.272071021,3,16451737,87,2238900,1
34207.272071021,1,16866136,87,2239000,1
34207.312164392,3,16866136,87,2239000,1
34207.312164392,1,16867608,87,2239100,1
34207.319504351,4,16799433,71,2240200,-1
34207.35959249,4,16799433,29,2240200,-1
34207.35959249,4,16811014,71,2240200,-1
34207.36638007,1,16871412,220,2240800,-1
34207.371018151,3,16871412,220,2240800,-1
34207.373100011,1,16871956,220,2240800,-1
34207.37434377,3,16871956,220,2240800,-1
34207.375662567,1,16872105,220,2240800,-1
34207.376904006,3,16872105,220,2240800,-1
34207.377749553,1,16872293,220,2240800,-1
34207.378821104,3,16872293,220,2240800,-1
34207.380005427,1,16872503,220,2240800,-1
34207.381264223,3,16872503,220,2240800,-1
34207.382304824,1,16872671,220,2240800,-1
34207.383302225,3,16872671,220,2240800,-1
34207.384556587,1,16872798,220,2240800,-1
34207.385609923,3,16872798,220,2240800,-1
34207.386942276,1,16872941,220,2240800,-1
34207.388159707,3,16872941,220,2240800,-1
34207.389391885,1,16873081,220,2240800,-1
34207.390453484,3,16873081,220,2240800,-1
34207.391611763,1,16873178,220,2240800,-1
34207.392637888,3,16873178,220,2240800,-1
34207.393882487,1,16873297,220,2240800,-1
34207.395065385,3,16873297,220,2240800,-1
34207.396241817,1,16873380,220,2240800,-1
34207.397533706,3,16873380,220,2240800,-1
34207.398645656,1,16873531,220,2240800,-1
34207.399415466,3,16873531,220,2240800,-1
34207.409684709,3,16867608,87,2239100,1
34207.409684709,1,16873976,87,2239200,1
34207.71831102,3,16811014,29,2240200,-1
34207.71831102,1,16887475,29,2240700,-1
34208.996027789,1,16929385,77,2239200,1
34209.105767688,1,16935131,220,2240800,-1
34209.106940303,3,16935131,220,2240800,-1
34209.108253458,1,16935276,220,2240800,-1
34209.109049164,3,16935276,220,2240800,-1
34209.110162671,1,16935447,220,2240800,-1
34209.1108587,3,16935447,220,2240800,-1
34209.112219909,1,16935626,220,2240800,-1
34209.113299134,3,16935626,220,2240800,-1
34209.114384683,1,16935758,220,2240800,-1
34209.115437304,3,16935758,220,2240800,-1
34209.116624582,1,16935890,220,2240800,-1
34209.117686009,3,16935890,220,2240800,-1
34209.118881715,1,16935991,220,2240800,-1
34209.11958714,3,16935991,220,2240800,-1
34209.120707231,1,16936049,220,2240800,-1
34209.121807117,3,16936049,220,2240800,-1
34209.122948939,1,16936152,220,2240800,-1
34209.124065672,3,16936152,220,2240800,-1
34209.125231445,1,16936284,220,2240800,-1
34209.125862713,3,16936284,220,2240800,-1
34209.12717182,1,16936385,220,2240800,-1
34209.128236318,3,16936385,220,2240800,-1
34209.129471266,1,16936505,220,2240800,-1
34209.130586747,3,16936505,220,2240800,-1
34209.131772695,1,16936594,220,2240800,-1
34209.132843145,3,16936594,220,2240800,-1
34209.134019937,1,16936684,220,2240800,-1
34209.135036249,3,16936684,220,2240800,-1
34209.13635252,1,16936799,220,2240800,-1
34209.137439411,3,16936799,220,2240800,-1
34209.138694375,1,16936940,220,2240800,-1
34209.139473952,3,16936940,220,2240800,-1
34209.313553004,3,16830499,100,2238900,1
34209.339457717,1,16943725,100,2239200,1
34209.709730284,3,16887475,29,2240700,-1
34209.709730284,1,16954459,29,2240600,-1
34209.76667599,3,16954459,29,2240600,-1
34209.76667599,1,16956634,29,2240700,-1
34209.787331886,3,16956634,29,2240700,-1
34209.787331886,1,16958151,29,2240500,-1
34210.206486354,1,16984035,100,2239200,1
34210.515211316,3,16958151,29,2240500,-1
34210.515211316,1,17004982,29,2240400,-1
34210.706474037,3,17004982,29,2240400,-1
34210.706474037,1,17017091,29,2240300,-1
34210.910418382,3,17017091,29,2240300,-1
34210.910418382,1,17030256,29,2240400,-1
34210.966978058,4,17030256,29,2240400,-1
34210.966978058,5,0,71,2240400,-1
34211.618610908,1,17063006,400,2240700,-1
34211.943114597,4,16728917,100,2240700,-1
34211.943114597,4,17063006,300,2240700,-1
34211.967039643,4,17063006,100,2240700,-1
34211.967968333,4,16681306,100,2241000,-1
34211.970165989,4,16681306,100,2241000,-1
34212.161685865,1,17084297,100,2239300,1
34212.165104681,3,16681306,900,2241000,-1
34212.165315424,5,0,317,2239500,1
34212.165315424,5,0,100,2239400,1
34212.165315424,4,17084297,100,2239300,1
34212.165315424,5,0,112,2239300,1
34212.165315424,5,0,203,2239300,1
34212.37437678,1,17094470,100,2240900,1
34212.376037666,1,17094575,100,2240900,1
34212.376129044,3,17094470,100,2240900,1
34212.376129044,1,17094576,100,2241300,1
34212.376453932,4,17094576,100,2241300,1
34212.377481694,3,17094575,100,2240900,1
34212.461714019,3,16943725,100,2239200,1
34212.487961941,1,17097634,100,2240900,1
34212.530050106,3,16873976,87,2239200,1
34212.530050106,1,17099230,87,2240900,1
34212.577101834,3,17097634,100,2240900,1
34212.677958048,3,17099230,87,2240900,1
34212.677958048,1,17103292,87,2239300,1
34213.186801146,1,17118179,100,2240900,1
34213.187335431,3,17103292,87,2239300,1
34213.187335431,1,17118187,87,2239400,1
34213.22784958,3,17118187,87,2239400,1
34213.22784958,1,17119109,87,2240900,1
34213.324261399,1,17121862,100,2240900,1
34214.682746492,1,17152356,143,2239800,1
34215.152124895,1,17169116,100,2240900,1
34215.172654484,3,16984035,100,2239200,1
34215.180453936,1,17170140,100,2240900,1
34215.77821826,4,11561639,20,2242400,-1
34215.77821826,4,14665565,80,2242500,-1
34215.778798328,1,17196068,105,2242800,-1
34215.779774309,3,17196068,105,2242800,-1
34215.781133738,1,17196122,105,2242800,-1
34215.782390764,3,17196122,105,2242800,-1
34215.783623214,1,17196183,105,2242800,-1
34215.784719766,3,17196183,105,2242800,-1
34215.78596997,1,17196282,105,2242800,-1
34215.787101553,3,17196282,105,2242800,-1
34215.788231527,1,17196419,105,2242800,-1
34215.789339376,3,17196419,105,2242800,-1
34215.790702161,1,17196563,105,2242800,-1
34215.791765342,3,17196563,105,2242800,-1
34215.793142662,1,17196644,105,2242800,-1
34215.794265835,3,17196644,105,2242800,-1
34215.795410155,1,17196708,105,2242800,-1
34215.796559642,3,17196708,105,2242800,-1
34215.79772602,1,17196782,105,2242800,-1
34215.79880813,3,17196782,105,2242800,-1
34215.799916535,1,17196830,105,2242800,-1
34215.800927802,3,17196830,105,2242800,-1
34215.802145613,1,17196867,105,2242800,-1
34215.803315641,3,17196867,105,2242800,-1
34215.804584681,1,17196915,105,2242800,-1
34215.8058202,3,17196915,105,2242800,-1
34215.806870348,1,17196944,105,2242800,-1
34215.807640873,3,17196944,105,2242800,-1
34216.188562435,1,17209080,500,2242900,-1
34217.852825212,4,14665565,20,2242500,-1
34217.887655328,5,0,220,2242700,-1
34219.127707671,4,17209080,10,2242900,-1
34219.376645056,4,17209080,200,2242900,-1
34219.516845865,4,17209080,200,2242900,-1
34219.51709589,1,17329820,100,2242900,-1
34219.529935712,5,0,80,2242800,-1
34220.213206048,3,16929385,77,2239200,1
34220.233163353,1,17358208,77,2240900,1
34220.303127499,3,17329820,100,2242900,-1
34220.30312952,3,17209080,90,2242900,-1
34220.321456549,3,17121862,100,2240900,1
34220.357917887,3,17152356,143,2239800,1
34220.39675411,1,17362305,143,2239900,1
34220.534112308,1,17365824,1,2243000,-1
34221.59679772,4,3579342,100,2243000,-1
34222.165292881,4,3579342,100,2243000,-1
34223.279632997,4,3579342,100,2243000,-1
34223.280244371,4,3579342,80,2243000,-1
34223.280536751,4,3579342,100,2243000,-1
34223.280641818,4,3579342,20,2243000,-1
34223.280641818,4,17365824,1,2243000,-1
34223.367461134,4,16451084,100,2244500,-1
34223.367706865,1,17454308,100,2244500,-1
34223.404310188,1,17455154,10,2240000,1
34226.018708882,1,17523948,100,2244500,-1
34226.025401005,1,17524292,100,2240900,1
34226.027530424,3,17524292,100,2240900,1
34227.238645979,1,17556978,100,2244500,-1
34228.006601932,3,17523948,100,2244500,-1
34228.052685817,3,17362305,143,2239900,1
34228.068360389,5,0,93,2244400,-1
34228.397876255,5,0,25,2244400,-1
34228.609009833,3,17556978,100,2244500,-1
34228.611036074,1,17654389,100,2244500,-1
34228.611563982,3,17118179,100,2240900,1
34228.613137713,1,17654460,100,2240900,1
34228.614015349,3,17654460,100,2240900,1
34229.064982046,1,17669020,100,2240900,1
34229.067206176,3,17669020,100,2240900,1
34229.324305974,3,17358208,77,2240900,1
34229.343638816,1,17678897,77,2241000,1
34229.34512286,1,17678938,100,2241000,1
34229.350536541,3,17678938,100,2241000,1
34229.356252519,1,17679258,100,2241000,1
34229.853048275,3,17119109,87,2240900,1
34229.853048275,1,17693590,87,2241000,1
34229.924816555,3,17170140,100,2240900,1
34229.931412705,1,17695622,100,2241100,1
34229.932946536,1,17695670,100,2241100,1
34230.013300014,3,11534792,74,2237500,1
34230.013756435,3,17693590,87,2241000,1
34230.013756435,1,17700167,87,2241100,1
34230.451285075,3,17679258,100,2241000,1
34230.478073253,1,17720413,100,2241100,1
34230.689754679,5,0,100,2241800,1
34232.513860324,5,0,200,2241400,1
34232.513860324,5,0,100,2241300,1
34232.520197625,3,17695670,100,2241100,1
34232.521812825,1,17791392,100,2241500,1
34232.573694017,1,17794177,100,2242900,1
34232.573822327,4,17794177,100,2242900,1
34232.574758204,3,17791392,100,2241500,1
34232.655299914,3,17720413,100,2241100,1
34232.672145731,1,17796697,100,2241500,1
34232.935731616,3,17700167,87,2241100,1
34232.935731616,1,17802947,87,2241500,1
34233.075680004,1,17808169,100,2241800,1
34233.085449148,3,17808169,100,2241800,1
34233.221829329,3,17802947,87,2241500,1
34233.221829329,1,17813325,87,2241800,1
34233.223726666,3,17796697,100,2241500,1
34233.256629271,3,17813325,87,2241800,1
34233.256629271,1,17814130,87,2241700,1
34233.408223818,3,17814130,87,2241700,1
34233.408223818,1,17822817,87,2241500,1
34233.417830238,1,17823745,100,2241800,1
34233.421664862,3,17822817,87,2241500,1
34233.43258895,1,17824285,100,2241800,1
34233.473889226,3,17823745,100,2241800,1
34233.613685684,1,17830543,100,2241500,1
34233.619144977,1,17831626,100,2242100,1
34233.628225156,3,17831626,100,2242100,1
34233.629733981,3,17824285,100,2241800,1
34233.629733981,1,17832110,100,2242100,1
34233.738733914,3,17830543,100,2241500,1
34233.76490814,1,17835914,100,2242400,1
34233.769776825,3,17832110,100,2242100,1
34233.769776825,1,17836088,100,2242400,1
34233.915570031,5,0,38,2242500,1
34233.915653845,5,0,29,2242500,1
34233.915653845,4,17835914,100,2242400,1
34233.915653845,4,17836088,71,2242400,1
34233.915778233,4,17836088,29,2242400,1
34234.16404396,1,17851126,100,2241500,1
34234.384484467,1,17866270,300,2244200,-1
34234.385435124,3,17654389,100,2244500,-1
34234.387132284,1,17866342,100,2244200,-1
34235.005467465,3,17695622,100,2241100,1
34235.012386337,1,17889188,100,2241500,1
34237.490743302,3,17851126,100,2241500,1
34237.492337446,1,17963067,100,2242500,1
34237.495511591,3,17963067,100,2242500,1
34237.63550326,1,17967562,67,2242500,1
34240.008747756,3,17866270,300,2244200,-1
34240.011093076,1,18040154,100,2242500,1
34240.011692902,1,18040192,100,2244200,-1
34240.022916349,4,17967562,67,2242500,1
34240.022916349,4,18040154,100,2242500,1
34240.022916349,5,0,133,2242500,1
34240.02316124,1,18040889,100,2242500,1
34240.026192747,3,17889188,100,2241500,1
34240.026562698,4,18040889,100,2242500,1
34240.026825796,1,18041087,100,2242500,1
34240.0334337,1,18041637,100,2241800,1
34240.289859994,3,17678897,77,2241000,1
34240.344836321,1,18049859,77,2242500,1
34241.189549416,3,17169116,100,2240900,1
34241.281689555,1,18073344,100,2238600,1
34241.521556909,5,0,100,2242600,1
34241.699711291,4,18041087,100,2242500,1
34241.699961769,1,18082568,100,2242500,1
34242.009261551,3,18040192,100,2244200,-1
34242.01625648,4,18049859,77,2242500,1
34242.01625648,4,18082568,23,2242500,1
34242.016481786,1,18089311,100,2242500,1
34244.430906893,4,18082568,77,2242500,1
34244.430906893,4,18089311,23,2242500,1
34244.431159304,1,18148394,31,2242500,1
34244.433892693,4,18089311,77,2242500,1
34244.433892693,4,18148394,23,2242500,1
34244.43400728,4,18148394,8,2242500,1
34244.43777594,4,18041637,100,2241800,1
34244.569134492,5,0,100,2242000,-1
34245.2564172,1,18172812,16,2241300,1
34245.512185712,1,18178733,200,2241900,-1
34245.512359815,4,18172812,16,2241300,1
34245.512526281,1,18178767,200,2236600,1
34245.512866688,4,18178733,200,2241900,-1
34245.513222246,3,17866342,100,2244200,-1
34245.513300742,3,18178767,200,2236600,1
34245.513309352,1,18178856,200,2241900,1
34245.513325389,1,18178858,200,2241900,1
34245.513338443,1,18178865,200,2241900,1
34245.513482806,1,18178892,200,2236100,1
34245.515058317,1,18179205,100,2244500,-1
34245.517171592,3,18178892,200,2236100,1
34245.954758575,3,18178865,200,2241900,1
34245.966604549,3,18178858,200,2241900,1
34246.033579798,1,18193981,200,2244200,-1
34246.033907502,1,18193997,200,2236100,1
34246.034454244,3,18179205,100,2244500,-1
34246.036138083,1,18194101,100,2244200,-1
34246.218550405,3,18178856,200,2241900,1
34246.760966621,3,18193997,200,2236100,1
34246.76114786,1,18208841,300,2235100,1
34250.005982141,3,18193981,200,2244200,-1
34250.016994523,3,17455154,10,2240000,1
34250.017118716,1,18286174,10,2239400,1
34250.017252884,3,18208841,300,2235100,1
34250.017445376,1,18286198,200,2236100,1
34250.018037466,3,18286174,10,2239400,1
34250.018164917,1,18286315,10,2239100,1
34250.018614332,3,18286198,200,2236100,1
34250.018847293,3,18286315,10,2239100,1
34250.018905517,1,18286616,200,2236600,1
34250.018969632,1,18286630,10,2239500,1
34250.021045927,3,18286616,200,2236600,1
34250.021256621,1,18287007,200,2236100,1
34250.021343613,3,18286630,10,2239500,1
34250.021449181,1,18287021,10,2239000,1
34250.022635213,3,18287021,10,2239000,1
34250.022715435,3,18287007,200,2236100,1
34250.022735727,1,18287108,10,2240000,1
34250.022912128,1,18287128,200,2236600,1
34250.023409939,3,18287128,200,2236600,1
34250.02365584,1,18287177,200,2236100,1
34250.025791165,3,18287108,10,2240000,1
34250.025896175,1,18287319,10,2239000,1
34250.027876133,3,18287177,200,2236100,1
34250.028065488,1,18287463,200,2236600,1
34250.028171393,3,18287319,10,2239000,1
34250.028299867,1,18287475,10,2239100,1
34250.037026916,3,18287463,200,2236600,1
34250.037209413,1,18288031,200,2236100,1
34250.03947888,3,18287475,10,2239100,1
34250.039601702,1,18288158,10,2239200,1
34250.039743398,3,18288031,200,2236100,1
34250.039918328,1,18288176,200,2236600,1
34250.042837738,3,18288176,200,2236600,1
34250.043022332,1,18288305,200,2236100,1
34250.043063742,3,18288158,10,2239200,1
34250.043167045,1,18288309,10,2239000,1
34250.044825715,3,18288305,200,2236100,1
34250.045067535,3,18288309,10,2239000,1
34250.045140481,1,18288358,200,2236600,1
34250.045175914,1,18288361,10,2239100,1
34250.059283544,3,18288358,200,2236600,1
34250.059489601,1,18288914,200,2236100,1
34250.061796398,3,18288361,10,2239100,1
34250.061907749,1,18289006,10,2239200,1
34250.062047561,3,18288914,200,2236100,1
34250.062255178,1,18289022,200,2236600,1
34250.064799808,3,18289022,200,2236600,1
34250.065004783,1,18289216,200,2236100,1
34250.065065645,3,18289006,10,2239200,1
34250.065198504,1,18289230,10,2239000,1
34250.066939747,3,18289216,200,2236100,1
34250.067146294,1,18289312,200,2236600,1
34250.067186589,3,18289230,10,2239000,1
34250.067315211,1,18289323,10,2239100,1
34250.115585497,3,18289312,200,2236600,1
34250.115787459,1,18290659,200,2236100,1
34250.118153422,3,18289323,10,2239100,1
34250.11826538,1,18290737,10,2239200,1
34250.118411109,3,18290659,200,2236100,1
34250.118584987,1,18290746,200,2236600,1
34250.121838629,3,18290746,200,2236600,1
34250.122025583,1,18290790,200,2236100,1
34250.122089833,3,18290737,10,2239200,1
34250.122188711,1,18290793,10,2239000,1
34250.12483371,3,18290790,200,2236100,1
34250.125019777,1,18290830,200,2236600,1
34250.12506722,3,18290793,10,2239000,1
34250.125182156,1,18290838,10,2239100,1
34250.138661671,3,18290830,200,2236600,1
34250.138876487,1,18291113,200,2236100,1
34250.141265874,3,18290838,10,2239100,1
34250.141395469,1,18291165,10,2239200,1
34250.141524988,3,18291113,200,2236100,1
34250.141715111,1,18291173,200,2236600,1
34250.144743733,3,18291173,200,2236600,1
34250.144936024,1,18291271,200,2236100,1
34250.144986001,3,18291165,10,2239200,1
34250.145127429,1,18291275,10,2239000,1
34250.146911978,3,18291271,200,2236100,1
34250.147104082,1,18291325,200,2236600,1
34250.147165195,3,18291275,10,2239000,1
34250.147287634,1,18291334,10,2239100,1
34250.159765025,3,18291325,200,2236600,1
34250.15994588,1,18291667,200,2236100,1
34250.162046943,3,18291334,10,2239100,1
34250.162162958,1,18291715,10,2239200,1
34250.162327531,3,18291667,200,2236100,1
34250.162512068,1,18291733,200,2236600,1
34250.166060399,3,18291733,200,2236600,1
34250.166248751,1,18291912,200,2236100,1
34250.166330783,3,18291715,10,2239200,1
34250.166442292,1,18291916,10,2239000,1
34250.168360637,3,18291912,200,2236100,1
34250.168561524,1,18291989,200,2236600,1
34250.168619584,3,18291916,10,2239000,1
34250.168721071,1,18291991,10,2239100,1
34250.190366882,3,18291989,200,2236600,1
34250.190559632,1,18292448,200,2236100,1
34250.192583259,3,18291991,10,2239100,1
34250.192735934,1,18292501,10,2239200,1
34250.192875532,3,18292448,200,2236100,1
34250.193073984,1,18292513,200,2236600,1
34250.196084715,3,18292513,200,2236600,1
34250.196266203,1,18292578,200,2236100,1
34250.196326222,3,18292501,10,2239200,1
34250.196446502,1,18292582,10,2239000,1
34250.198553187,3,18292578,200,2236100,1
34250.198738952,1,18292638,200,2236600,1
34250.198822272,3,18292582,10,2239000,1
34250.198937364,1,18292645,10,2239100,1
34250.512734089,3,18292638,200,2236600,1
34250.512923134,1,18298627,200,2236100,1
34250.515510604,3,18292645,10,2239100,1
34250.515636631,1,18298729,10,2239200,1
34250.515780094,3,18298627,200,2236100,1
34250.515997595,1,18298737,200,2236600,1
34250.5190555,3,18298737,200,2236600,1
34250.519250883,1,18298821,200,2236100,1
34250.519298127,3,18298729,10,2239200,1
34250.519419388,1,18298826,10,2239000,1
34250.521653517,3,18298821,200,2236100,1
34250.521862887,1,18298896,200,2236600,1
34250.521908377,3,18298826,10,2239000,1
34250.522019866,1,18298903,10,2239100,1
34251.915055468,3,18298896,200,2236600,1
34251.915392673,1,18332949,200,2236100,1
34251.918125844,3,18298903,10,2239100,1
34251.918233582,1,18333357,10,2239200,1
34251.918379903,3,18332949,200,2236100,1
34251.918601612,1,18333390,200,2236600,1
34251.921621209,3,18333390,200,2236600,1
34251.921819721,1,18333640,200,2236100,1
34251.921881886,3,18333357,10,2239200,1
34251.92199976,1,18333652,10,2239000,1
34251.924068628,3,18333640,200,2236100,1
34251.924296034,1,18333769,200,2236600,1
34251.924325204,3,18333652,10,2239000,1
34251.924428339,1,18333775,10,2239100,1
34252.026667118,3,18333769,200,2236600,1
34252.028585168,1,18340179,200,2236100,1
34252.028740152,3,18333775,10,2239100,1
34252.028870194,1,18340262,10,2239200,1
34252.029154055,3,18340179,200,2236100,1
34252.029421451,1,18340401,200,2236600,1
34252.032409765,3,18340401,200,2236600,1
34252.032631875,1,18341172,200,2236100,1
34252.032883429,3,18340262,10,2239200,1
34252.033035928,1,18341360,10,2239000,1
34252.034784527,3,18341172,200,2236100,1
34252.035104535,1,18342200,200,2236600,1
34252.03614053,3,18341360,10,2239000,1
34252.036267479,1,18342535,10,2239100,1
34252.044832227,3,18342200,200,2236600,1
34252.045077897,1,18344091,200,2236100,1
34252.047355099,3,18342535,10,2239100,1
34252.047523286,1,18344659,10,2239200,1
34252.047677889,3,18344091,200,2236100,1
34252.047880166,1,18344701,200,2236600,1
34252.05084028,3,18344701,200,2236600,1
34252.051082118,1,18344979,200,2236100,1
34252.051142914,3,18344659,10,2239200,1
34252.051266088,1,18344995,10,2239000,1
34252.052899216,3,18344979,200,2236100,1
34252.05312805,1,18345172,200,2236600,1
34252.053178863,3,18344995,10,2239000,1
34252.053304992,1,18345223,10,2239100,1
34252.170820716,1,18352030,1,2244100,-1
34252.679633409,3,8788376,100,2244900,-1
34253.427339906,3,18345223,10,2239100,1
34256.198160234,1,18430161,200,2243500,-1
34256.199190312,3,18194101,100,2244200,-1
34256.199546178,3,18345172,200,2236600,1
34256.199738662,1,18430198,300,2235100,1
34256.200894684,1,18430228,100,2243500,-1
34256.201573689,3,18430198,300,2235100,1
34256.201779472,1,18430245,300,2235000,1
34256.455858105,1,18433707,22,2238400,1
34259.726518101,5,0,12,2242500,-1
34259.726518101,5,0,11,2243300,-1
34260.056638054,3,18430245,300,2235000,1
34260.056861691,1,18536496,200,2236100,1
34260.059737883,3,18536496,200,2236100,1
34260.059970882,1,18536705,200,2235100,1
34260.059973418,3,18430161,200,2243500,-1
34260.438892219,3,18536705,200,2235100,1
34260.439100766,1,18553617,200,2236100,1
34260.547327398,3,18553617,200,2236100,1
34260.547533148,1,18558893,300,2235100,1
34261.081977682,3,18558893,300,2235100,1
34261.08218344,1,18582527,300,2235000,1
34262.075962987,1,18622989,100,2243000,-1
34262.076936228,3,18430228,100,2243500,-1
34262.078737778,1,18623148,100,2243000,-1
34265.642112939,3,18623148,100,2243000,-1
34269.583683523,1,18813442,183,2241900,-1
34269.587736529,1,18813484,100,2241900,-1
34269.863964995,1,18819065,8,2241300,-1
34270.493825758,3,18582527,300,2235000,1
34270.494022151,1,18845929,200,2236100,1
34270.503605144,3,18813442,183,2241900,-1
34271.768671447,1,18877451,1,2238700,1
34272.138000679,3,18845929,200,2236100,1
34272.401947892,3,18813484,100,2241900,-1
34273.481428665,5,0,100,2239500,1
34273.580560532,4,18877451,1,2238700,1
34273.580560532,4,18073344,99,2238600,1
34273.587576495,3,18887968,200,2235100,1
34273.777957454,1,18930320,100,2239800,1
34273.778069959,4,18930320,65,2239800,1
34273.778071743,4,18930320,35,2239800,1
34273.778298213,1,18930336,300,2235100,1
34274.156584141,3,18352030,1,2244100,-1
34275.373462102,1,18966278,100,2240200,1
34275.373845302,4,18966278,100,2240200,1
34275.409932589,1,18966862,1,2241300,-1
34275.577403209,3,18930336,300,2235100,1
34276.757112215,1,18992920,1,2240200,-1
34276.758851015,3,18966862,1,2241300,-1
34276.808605188,1,18993622,1,2241200,-1
34280.572697869,4,18992920,1,2240200,-1
34283.720559708,5,0,1,2238800,1
34283.723111906,5,0,1,2238800,1
34284.295033251,1,19183169,300,2241900,-1
34285.523171297,3,18993622,1,2241200,-1
34285.599642589,4,18073344,1,2238600,1
34285.648225189,1,19225649,1,2242000,-1
34286.016032811,1,19233799,11,2236100,1
34287.830306672,3,18819065,8,2241300,-1
34288.733528968,1,19300526,100,2238400,1
34289.50116176,1,19314473,100,2240500,-1
34289.504443505,1,19314520,100,2240500,-1
34292.608456928,3,19225649,1,2242000,-1
34293.413868904,5,0,24,2240100,-1
34296.084965345,1,19455584,1,2241000,-1
34297.208367828,5,0,3,2240000,-1
34297.208367828,5,0,1,2240300,-1
34297.208367828,4,19314473,100,2240500,-1
34297.208367828,4,19314520,96,2240500,-1
34297.20844806,4,19314520,4,2240500,-1
34297.318326126,3,19455584,1,2241000,-1
34297.381112153,1,19493153,1,2243200,-1
34303.331437641,5,0,68,2238800,1
34303.331437641,5,0,32,2238700,1
34303.352525322,5,0,68,2238700,1
34303.352525322,5,0,32,2238500,1
34303.449611048,1,19620235,1,2240000,-1
34303.676516992,5,0,67,2238500,1
34303.676516992,4,18433707,22,2238400,1
34303.676516992,4,19300526,33,2238400,1
34303.676633108,4,19300526,67,2238400,1
34303.774660722,1,19626727,100,2238200,1
34303.774770353,3,19626727,100,2238200,1
34303.774770353,1,19626737,100,2238100,1
34303.886308993,1,19628332,10,2240000,-1
34303.886423688,3,19626737,100,2238100,1
34303.886423688,1,19628333,100,2238000,1
34304.181918195,3,19493153,1,2243200,-1
34304.18346964,3,19620235,1,2240000,-1
34304.259734597,1,19653110,1,2240000,-1
34304.261362122,1,19653140,1,2241000,-1
34306.974443323,5,0,100,2238200,1
34307.01537131,5,0,100,2238200,1
34307.01537131,4,19628333,100,2238000,1
34307.760800374,5,0,16,2238700,1
34307.762314188,3,19628332,10,2240000,-1
34307.762428852,1,19731576,10,2239000,-1
34307.805756232,3,19731576,10,2239000,-1
34307.805874894,1,19732295,10,2240000,-1
34307.879459182,1,19733385,1,2239500,-1
34307.900827675,3,19732295,10,2240000,-1
34307.900942432,1,19733687,10,2239000,-1
34307.906090773,3,19733687,10,2239000,-1
34307.906216008,1,19733813,10,2240000,-1
34307.974942352,3,19733813,10,2240000,-1
34307.975053503,1,19736143,10,2239000,-1
34308.09194531,3,19736143,10,2239000,-1
34308.092061183,1,19741993,10,2240000,-1
34308.24050751,5,0,14,2239200,-1
34308.24050751,5,0,74,2239400,-1
34309.163587359,5,0,1,2236900,1
34309.168175437,3,19741993,10,2240000,-1
34309.168318168,1,19774189,10,2239500,-1
34309.17127297,3,19774189,10,2239500,-1
34309.171441654,1,19774402,10,2240000,-1
34309.172213008,3,19774402,10,2240000,-1
34309.172333237,1,19774450,10,2239500,-1
34309.396377585,5,0,2,2237000,1
34309.724071262,5,0,97,2237100,1
34309.724071262,5,0,3,2236600,1
34309.729740843,1,19791130,100,2236600,1
34309.731364919,4,19791130,100,2236600,1
34309.73335404,5,0,100,2236600,1
34309.814413615,3,19774450,10,2239500,-1
34309.81452914,1,19793043,10,2239400,-1
34309.820541761,3,19793043,10,2239400,-1
34309.820660363,1,19793184,10,2239300,-1
34309.826677544,3,19793184,10,2239300,-1
34309.82678364,1,19793341,10,2239200,-1
34309.874457615,3,19793341,10,2239200,-1
34309.874562124,1,19794320,10,2239100,-1
34309.903927904,4,11474176,2,2236500,1
34309.905401657,4,19233799,11,2236100,1
34309.905493242,4,3920359,15,2236000,1
34309.935023582,3,19794320,10,2239100,-1
34309.935135681,1,19795607,10,2238900,-1
34310.049966007,1,19808492,100,2237700,1
34310.05008884,4,19808492,100,2237700,1
34310.127358338,3,19653110,1,2240000,-1
34310.128906378,3,19653140,1,2241000,-1
34310.250442987,3,19795607,10,2238900,-1
34310.250559105,1,19818565,10,2238200,-1
34310.319349001,1,19822943,1,2236000,-1
34310.319445283,4,19822943,1,2236000,-1
34310.320447107,1,19823062,1,2238100,-1
34311.114261675,5,0,100,2235200,1
34311.248716123,1,19846261,100,2237300,1
34311.248829896,4,19846261,39,2237300,1
34311.248832108,4,19846261,61,2237300,1
34311.356314614,3,19818565,10,2238200,-1
34311.356437067,1,19848608,10,2239600,-1
34311.357283709,3,19848608,10,2239600,-1
34311.357388158,1,19848635,10,2240000,-1
34311.360171179,3,19848635,10,2240000,-1
34311.360279008,1,19848679,10,2239500,-1
34311.360853286,3,19848679,10,2239500,-1
34311.360956531,1,19848701,10,2240000,-1
34311.363371058,3,19848701,10,2240000,-1
34311.363499727,1,19848770,10,2239900,-1
34311.462475349,3,19848770,10,2239900,-1
34311.4625985,1,19850487,10,2239800,-1
34311.588067473,3,19850487,10,2239800,-1
34311.588209639,1,19852320,10,2239700,-1
34311.699604819,3,19852320,10,2239700,-1
34311.699723191,1,19853755,10,2238200,-1
34311.79420947,3,19853755,10,2238200,-1
34311.794299219,1,19855624,10,2239600,-1
34311.795164819,3,19855624,10,2239600,-1
34311.795257865,1,19855654,10,2239700,-1
34311.79646098,3,19855654,10,2239700,-1
34311.796544935,1,19855681,10,2239500,-1
34311.798255425,3,19855681,10,2239500,-1
34311.798347583,1,19855737,10,2239700,-1
34311.798670792,3,19855737,10,2239700,-1
34311.79875876,1,19855745,10,2239900,-1
34311.800556827,3,19855745,10,2239900,-1
34311.800646487,1,19855846,10,2239500,-1
34312.000163753,1,19859519,2,2238600,-1
34312.581975757,1,19873217,200,2239500,-1
34312.922501137,5,0,1,2235100,1
34312.922707791,1,19878530,100,2232100,1
34312.92291622,3,19878530,100,2232100,1
34312.923487785,3,19855846,10,2239500,-1
34312.923613384,1,19878707,10,2238700,-1
34312.933805817,3,19733385,1,2239500,-1
34312.93884917,3,19878707,10,2238700,-1
34312.938942044,1,19879088,10,2238200,-1
34312.939283508,1,19879092,300,2231100,1
34312.997740668,1,19879921,1,2236700,-1
34313.000659407,3,19879088,10,2238200,-1
34313.000749274,1,19879965,10,2238500,-1
34313.557045709,3,19879965,10,2238500,-1
34313.557139671,1,19889461,10,2238600,-1
34314.011925592,3,19889461,10,2238600,-1
34314.012030606,1,19896272,10,2238500,-1
34314.089771135,5,0,100,2236400,-1
34314.090749684,3,19896272,10,2238500,-1
34314.09084148,1,19902040,10,2238900,-1
34314.290483232,5,0,1,2235200,1
34314.291447576,3,19902040,10,2238900,-1
34314.291555491,1,19906897,10,2238500,-1
34315.386126869,3,19906897,10,2238500,-1
34315.386256898,1,19927296,10,2238600,-1
34315.957056416,3,19927296,10,2238600,-1
34315.957186392,1,19934944,10,2238700,-1
34317.492216779,5,0,97,2236300,-1
34317.492216779,4,19879921,1,2236700,-1
34317.493196569,3,19934944,10,2238700,-1
34317.49330948,1,19959867,10,2239400,-1
34317.493579438,3,19959867,10,2239400,-1
34317.493706265,1,19959875,10,2238200,-1
34318.007794558,3,19873217,200,2239500,-1
34318.129354404,3,19879092,300,2231100,1
34318.693912228,1,19985448,99,2237000,-1
34318.694267048,1,19985465,300,2231100,1
34318.955212478,3,4632045,100,2235000,1
34318.955374565,1,19990731,94,2235000,1
34319.12460264,3,19985465,300,2231100,1
34320.055741481,1,20017137,300,2231100,1
34320.529624332,4,19985448,36,2237000,-1
34322.029388112,4,19985448,49,2237000,-1
34322.029499668,4,19985448,14,2237000,-1
34322.034995673,3,20017137,300,2231100,1
34323.015938125,5,0,200,2235800,1
34323.955107319,5,0,100,2237400,-1
34323.955107319,5,0,51,2237700,-1
34323.955107319,5,0,149,2237900,-1
34323.960412884,4,19823062,1,2238100,-1
34323.960412884,4,19959875,10,2238200,-1
34324.036795386,4,19859519,2,2238600,-1
34324.226429395,1,20119251,10,2232500,1
34326.285424726,1,20164379,100,2238900,-1
34328.822603995,1,20226784,300,2232600,1
34328.983815413,5,0,100,2238800,-1
34328.99197562,4,20164379,100,2238900,-1
34329.733823743,1,20254663,100,2236100,1
34331.473240382,1,20298432,100,2239200,1
34331.475862848,5,0,80,2239300,1
34331.475862848,5,0,20,2239300,1
34331.641287078,1,20301070,100,2239900,1
34331.997076966,5,0,100,2241600,-1
34332.003051512,1,20306979,200,2235100,1
34332.004652217,3,20306979,200,2235100,1
34334.208073637,3,19909328,100,2247400,-1
34334.312939243,1,20343976,200,2241700,1
34334.313052854,4,19183169,100,2241900,-1
34334.31308303,3,20301070,100,2239900,1
34334.31308303,1,20343986,100,2241700,1
34334.313122274,4,19183169,187,2241900,-1
34334.31313661,4,20343976,200,2241700,1
34334.313164743,4,19183169,13,2241900,-1
34334.31322266,3,20343986,100,2241700,1
34334.31322266,1,20344002,100,2241700,1
34334.313282098,1,20344003,300,2235100,1
34334.313311754,3,20344002,100,2241700,1
34334.313311754,1,20344005,100,2241700,1
34334.31449044,3,20344003,300,2235100,1
34334.314703611,1,20344034,200,2236200,1
34334.337789563,1,20344274,1,2242800,-1
34334.33791531,3,20344034,200,2236200,1
34334.338100575,1,20344280,200,2239300,1
34334.4335549,4,20344274,1,2242800,-1
34334.435059124,3,20344280,200,2239300,1
34334.435250457,1,20346037,300,2236200,1
34334.439639946,5,0,99,2243400,-1
34334.598716394,3,20298432,100,2239200,1
34334.650755635,5,0,1,2243400,-1
34334.650755635,4,19948313,99,2243600,-1
34334.650886984,3,20344005,100,2241700,1
34334.650886984,1,20350495,100,2242800,1
34334.650990622,3,20350495,100,2242800,1
34334.650990622,1,20350503,100,2240600,1
34334.775873702,3,20346037,300,2236200,1
34334.776065361,1,20353509,300,2232600,1
34334.77609045,3,20350503,100,2240600,1
34334.77609045,1,20353511,100,2240300,1
34334.84224548,1,20355014,50,2242500,-1
34334.842372007,3,20353511,100,2240300,1
34334.842372007,1,20355018,100,2239700,1
34336.988784422,1,20410313,200,2243800,-1
34336.989056013,3,20355018,100,2239700,1
34336.989056013,1,20410319,100,2239400,1
34338.568644947,1,20436930,51,2241900,1
34338.568752096,4,20436930,51,2241900,1
34338.568788127,3,20410319,100,2239400,1
34338.568788127,1,20436945,100,2241800,1
34338.57704422,5,0,100,2241900,1
34338.57746592,4,20436945,100,2241800,1
34338.579775028,3,20353509,300,2232600,1
34338.57998244,1,20437784,200,2236200,1
34338.580172803,3,20437784,200,2236200,1
34338.58035797,1,20437793,200,2235100,1
34338.580533571,3,20437793,200,2235100,1
34338.58073154,1,20437813,300,2232600,1
34338.600258933,1,20439224,2,2242000,-1
34338.621056271,1,20440498,5,2235200,1
34338.647104678,3,20254663,100,2236100,1
34338.718822066,1,20443473,100,2236200,1
34338.771867834,3,20443473,100,2236200,1
34339.18248368,1,20455022,100,2236600,1
34339.266893274,3,20455022,100,2236600,1
34339.302703009,3,20437813,300,2232600,1
34339.302889099,1,20457452,200,2235300,1
34339.306545204,3,20457452,200,2235300,1
34339.306733083,1,20457556,300,2232600,1
34339.643229474,3,20457556,300,2232600,1
34339.643435975,1,20465048,200,2235300,1
34339.64460833,3,20465048,200,2235300,1
34339.644802306,1,20465098,300,2232600,1
